Mã trường,Mã ngành xét tuyển,Tên ngành,Phương thức,Tổ hợp,Thang điểm,Điểm
DKB,7340101,Quản trị kinh doanh,THPTQG,A00,30,14.00
DKB,7340101,Quản trị kinh doanh,THPTQG,A01,30,14.00
DKB,7340101,Quản trị kinh doanh,THPTQG,C01,30,14.00
DKB,7340101,Quản trị kinh doanh,THPTQG,C14,30,14.00
DKB,7340101,Quản trị kinh doanh,THPTQG,D07,30,14.00
DKB,7340101,Quản trị kinh doanh,THPTQG,D01,30,14.00
DKB,7340101,Quản trị kinh doanh,THPTQG,D10,30,14.00
DKB,7340101,Quản trị kinh doanh,THPTQG,D84,30,14.00
DKB,7340101,Quản trị kinh doanh,THPTQG,X03,30,14.00
DKB,7340101,Quản trị kinh doanh,THPTQG,X26,30,14.00
DKB,7340101,Quản trị kinh doanh,THPTQG,Y08,30,14.00
DKB,7340101,Quản trị kinh doanh,ĐGNL,,1200,466
DKB,7340115,Marketing,THPTQG,A00,30,14.00
DKB,7340115,Marketing,THPTQG,A01,30,14.00
DKB,7340115,Marketing,THPTQG,C01,30,14.00
DKB,7340115,Marketing,THPTQG,C14,30,14.00
DKB,7340115,Marketing,THPTQG,D07,30,14.00
DKB,7340115,Marketing,THPTQG,D01,30,14.00
DKB,7340115,Marketing,THPTQG,D10,30,14.00
DKB,7340115,Marketing,THPTQG,D84,30,14.00
DKB,7340115,Marketing,THPTQG,X03,30,14.00
DKB,7340115,Marketing,THPTQG,X26,30,14.00
DKB,7340115,Marketing,THPTQG,Y08,30,14.00
DKB,7340115,Marketing,ĐGNL,,1200,466
DKB,7340122,Thương mại điện tử,THPTQG,A00,30,14.00
DKB,7340122,Thương mại điện tử,THPTQG,A01,30,14.00
DKB,7340122,Thương mại điện tử,THPTQG,C01,30,14.00
DKB,7340122,Thương mại điện tử,THPTQG,C14,30,14.00
DKB,7340122,Thương mại điện tử,THPTQG,D07,30,14.00
DKB,7340122,Thương mại điện tử,THPTQG,D01,30,14.00
DKB,7340122,Thương mại điện tử,THPTQG,D10,30,14.00
DKB,7340122,Thương mại điện tử,THPTQG,D84,30,14.00
DKB,7340122,Thương mại điện tử,THPTQG,X03,30,14.00
DKB,7340122,Thương mại điện tử,THPTQG,X26,30,14.00
DKB,7340122,Thương mại điện tử,THPTQG,Y08,30,14.00
DKB,7340122,Thương mại điện tử,ĐGNL,,1200,466
DKB,7510605,Logistics và quản lý chuỗi cung ứng,THPTQG,A00,30,14.00
DKB,7510605,Logistics và quản lý chuỗi cung ứng,THPTQG,A01,30,14.00
DKB,7510605,Logistics và quản lý chuỗi cung ứng,THPTQG,C01,30,14.00
DKB,7510605,Logistics và quản lý chuỗi cung ứng,THPTQG,C03,30,14.00
DKB,7510605,Logistics và quản lý chuỗi cung ứng,THPTQG,C14,30,14.00
DKB,7510605,Logistics và quản lý chuỗi cung ứng,THPTQG,D01,30,14.00
DKB,7510605,Logistics và quản lý chuỗi cung ứng,THPTQG,X02,30,14.00
DKB,7510605,Logistics và quản lý chuỗi cung ứng,THPTQG,X03,30,14.00
DKB,7510605,Logistics và quản lý chuỗi cung ứng,THPTQG,X06,30,14.00
DKB,7510605,Logistics và quản lý chuỗi cung ứng,THPTQG,X07,30,14.00
DKB,7510605,Logistics và quản lý chuỗi cung ứng,THPTQG,X26,30,14.00
DKB,7510605,Logistics và quản lý chuỗi cung ứng,THPTQG,X27,30,14.00
DKB,7510605,Logistics và quản lý chuỗi cung ứng,THPTQG,X56,30,14.00
DKB,7510605,Logistics và quản lý chuỗi cung ứng,ĐGNL,,1200,466
DKB,7510205,Công nghệ Kỹ thuật ô tô,THPTQG,A00,30,14.00
DKB,7510205,Công nghệ Kỹ thuật ô tô,THPTQG,A01,30,14.00
DKB,7510205,Công nghệ Kỹ thuật ô tô,THPTQG,C01,30,14.00
DKB,7510205,Công nghệ Kỹ thuật ô tô,THPTQG,D01,30,14.00
DKB,7510205,Công nghệ Kỹ thuật ô tô,THPTQG,X02,30,14.00
DKB,7510205,Công nghệ Kỹ thuật ô tô,THPTQG,X03,30,14.00
DKB,7510205,Công nghệ Kỹ thuật ô tô,THPTQG,X06,30,14.00
DKB,7510205,Công nghệ Kỹ thuật ô tô,THPTQG,X07,30,14.00
DKB,7510205,Công nghệ Kỹ thuật ô tô,THPTQG,X26,30,14.00
DKB,7510205,Công nghệ Kỹ thuật ô tô,ĐGNL,,1200,466
DKB,7510301,"Công nghệ kỹ thuật điện, điện tử",THPTQG,A00,30,14.00
DKB,7510301,"Công nghệ kỹ thuật điện, điện tử",THPTQG,A01,30,14.00
DKB,7510301,"Công nghệ kỹ thuật điện, điện tử",THPTQG,C01,30,14.00
DKB,7510301,"Công nghệ kỹ thuật điện, điện tử",THPTQG,D01,30,14.00
DKB,7510301,"Công nghệ kỹ thuật điện, điện tử",THPTQG,X02,30,14.00
DKB,7510301,"Công nghệ kỹ thuật điện, điện tử",THPTQG,X03,30,14.00
DKB,7510301,"Công nghệ kỹ thuật điện, điện tử",THPTQG,X06,30,14.00
DKB,7510301,"Công nghệ kỹ thuật điện, điện tử",THPTQG,X07,30,14.00
DKB,7510301,"Công nghệ kỹ thuật điện, điện tử",THPTQG,X26,30,14.00
DKB,7510301,"Công nghệ kỹ thuật điện, điện tử",ĐGNL,,1200,466
DKB,7480201,Công nghệ thông tin,THPTQG,A00,30,14.00
DKB,7480201,Công nghệ thông tin,THPTQG,A01,30,14.00
DKB,7480201,Công nghệ thông tin,THPTQG,C01,30,14.00
DKB,7480201,Công nghệ thông tin,THPTQG,D01,30,14.00
DKB,7480201,Công nghệ thông tin,THPTQG,X02,30,14.00
DKB,7480201,Công nghệ thông tin,THPTQG,X03,30,14.00
DKB,7480201,Công nghệ thông tin,THPTQG,X06,30,14.00
DKB,7480201,Công nghệ thông tin,THPTQG,X07,30,14.00
DKB,7480201,Công nghệ thông tin,THPTQG,X26,30,14.00
DKB,7480201,Công nghệ thông tin,THPTQG,X27,30,14.00
DKB,7480201,Công nghệ thông tin,THPTQG,X56,30,14.00
DKB,7480201,Công nghệ thông tin,ĐGNL,,1200,466
DKB,7480103,Kỹ thuật phần mềm,THPTQG,A00,30,14.00
DKB,7480103,Kỹ thuật phần mềm,THPTQG,A01,30,14.00
DKB,7480103,Kỹ thuật phần mềm,THPTQG,C01,30,14.00
DKB,7480103,Kỹ thuật phần mềm,THPTQG,D01,30,14.00
DKB,7480103,Kỹ thuật phần mềm,THPTQG,X02,30,14.00
DKB,7480103,Kỹ thuật phần mềm,THPTQG,X03,30,14.00
DKB,7480103,Kỹ thuật phần mềm,THPTQG,X06,30,14.00
DKB,7480103,Kỹ thuật phần mềm,THPTQG,X07,30,14.00
DKB,7480103,Kỹ thuật phần mềm,THPTQG,X26,30,14.00
DKB,7480103,Kỹ thuật phần mềm,THPTQG,X27,30,14.00
DKB,7480103,Kỹ thuật phần mềm,THPTQG,X56,30,14.00
DKB,7480103,Kỹ thuật phần mềm,ĐGNL,,1200,466
DKB,7340301,Kế toán,THPTQG,A00,30,14.00
DKB,7340301,Kế toán,THPTQG,A01,30,14.00
DKB,7340301,Kế toán,THPTQG,C01,30,14.00
DKB,7340301,Kế toán,THPTQG,C14,30,14.00
DKB,7340301,Kế toán,THPTQG,D01,30,14.00
DKB,7340301,Kế toán,THPTQG,D07,30,14.00
DKB,7340301,Kế toán,THPTQG,D10,30,14.00
DKB,7340301,Kế toán,THPTQG,D84,30,14.00
DKB,7340301,Kế toán,THPTQG,X03,30,14.00
DKB,7340301,Kế toán,THPTQG,X26,30,14.00
DKB,7340301,Kế toán,THPTQG,Y08,30,14.00
DKB,7340301,Kế toán,ĐGNL,,1200,466
DKB,7340201,Tài chính - Ngân hàng,THPTQG,A00,30,14.00
DKB,7340201,Tài chính - Ngân hàng,THPTQG,A01,30,14.00
DKB,7340201,Tài chính - Ngân hàng,THPTQG,C01,30,14.00
DKB,7340201,Tài chính - Ngân hàng,THPTQG,C14,30,14.00
DKB,7340201,Tài chính - Ngân hàng,THPTQG,D01,30,14.00
DKB,7340201,Tài chính - Ngân hàng,THPTQG,D07,30,14.00
DKB,7340201,Tài chính - Ngân hàng,THPTQG,D10,30,14.00
DKB,7340201,Tài chính - Ngân hàng,THPTQG,D84,30,14.00
DKB,7340201,Tài chính - Ngân hàng,THPTQG,X03,30,14.00
DKB,7340201,Tài chính - Ngân hàng,THPTQG,X26,30,14.00
DKB,7340201,Tài chính - Ngân hàng,THPTQG,Y08,30,14.00
DKB,7340201,Tài chính - Ngân hàng,ĐGNL,,1200,466
DKB,7380101,Luật,THPTQG,A03,30,14.00
DKB,7380101,Luật,THPTQG,C00,30,14.00
DKB,7380101,Luật,THPTQG,C03,30,14.00
DKB,7380101,Luật,THPTQG,C07,30,14.00
DKB,7380101,Luật,THPTQG,C14,30,14.00
DKB,7380101,Luật,THPTQG,D01,30,14.00
DKB,7380101,Luật,THPTQG,D09,30,14.00
DKB,7380101,Luật,THPTQG,D10,30,14.00
DKB,7380101,Luật,THPTQG,D14,30,14.00
DKB,7380101,Luật,THPTQG,D15,30,14.00
DKB,7380101,Luật,THPTQG,D84,30,14.00
DKB,7380101,Luật,ĐGNL,,1200,466
DKB,7380107,Luật kinh tế,THPTQG,A03,30,14.00
DKB,7380107,Luật kinh tế,THPTQG,C00,30,14.00
DKB,7380107,Luật kinh tế,THPTQG,C03,30,14.00
DKB,7380107,Luật kinh tế,THPTQG,C07,30,14.00
DKB,7380107,Luật kinh tế,THPTQG,C14,30,14.00
DKB,7380107,Luật kinh tế,THPTQG,D01,30,14.00
DKB,7380107,Luật kinh tế,THPTQG,D09,30,14.00
DKB,7380107,Luật kinh tế,THPTQG,D10,30,14.00
DKB,7380107,Luật kinh tế,THPTQG,D14,30,14.00
DKB,7380107,Luật kinh tế,THPTQG,D15,30,14.00
DKB,7380107,Luật kinh tế,THPTQG,D84,30,14.00
DKB,7380107,Luật kinh tế,ĐGNL,,1200,466
DKB,7320108,Quan hệ công chúng,THPTQG,C00,30,14.00
DKB,7320108,Quan hệ công chúng,THPTQG,C01,30,14.00
DKB,7320108,Quan hệ công chúng,THPTQG,C03,30,14.00
DKB,7320108,Quan hệ công chúng,THPTQG,C14,30,14.00
DKB,7320108,Quan hệ công chúng,THPTQG,D01,30,14.00
DKB,7320108,Quan hệ công chúng,THPTQG,D66,30,14.00
DKB,7320108,Quan hệ công chúng,THPTQG,X79,30,14.00
DKB,7320108,Quan hệ công chúng,ĐGNL,,1200,466
DKB,7810202,Quản trị nhà hàng và dịch vụ ăn uống,THPTQG,C00,30,14.00
DKB,7810202,Quản trị nhà hàng và dịch vụ ăn uống,THPTQG,C03,30,14.00
DKB,7810202,Quản trị nhà hàng và dịch vụ ăn uống,THPTQG,C04,30,14.00
DKB,7810202,Quản trị nhà hàng và dịch vụ ăn uống,THPTQG,D10,30,14.00
DKB,7810202,Quản trị nhà hàng và dịch vụ ăn uống,THPTQG,D01,30,14.00
DKB,7810202,Quản trị nhà hàng và dịch vụ ăn uống,THPTQG,D09,30,14.00
DKB,7810202,Quản trị nhà hàng và dịch vụ ăn uống,THPTQG,D15,30,14.00
DKB,7810202,Quản trị nhà hàng và dịch vụ ăn uống,THPTQG,D66,30,14.00
DKB,7810202,Quản trị nhà hàng và dịch vụ ăn uống,THPTQG,D14,30,14.00
DKB,7810202,Quản trị nhà hàng và dịch vụ ăn uống,THPTQG,X26,30,14.00
DKB,7810202,Quản trị nhà hàng và dịch vụ ăn uống,ĐGNL,,1200,466
DKB,7220201,Ngôn ngữ Anh,THPTQG,C00,30,14.00
DKB,7220201,Ngôn ngữ Anh,THPTQG,C03,30,14.00
DKB,7220201,Ngôn ngữ Anh,THPTQG,C04,30,14.00
DKB,7220201,Ngôn ngữ Anh,THPTQG,D01,30,14.00
DKB,7220201,Ngôn ngữ Anh,THPTQG,D10,30,14.00
DKB,7220201,Ngôn ngữ Anh,THPTQG,D14,30,14.00
DKB,7220201,Ngôn ngữ Anh,THPTQG,D15,30,14.00
DKB,7220201,Ngôn ngữ Anh,THPTQG,D66,30,14.00
DKB,7220201,Ngôn ngữ Anh,THPTQG,X79,30,14.00
DKB,7220201,Ngôn ngữ Anh,ĐGNL,,1200,466
DKB,7220210,Ngôn ngữ Hàn Quốc,THPTQG,C00,30,14.00
DKB,7220210,Ngôn ngữ Hàn Quốc,THPTQG,C03,30,14.00
DKB,7220210,Ngôn ngữ Hàn Quốc,THPTQG,C04,30,14.00
DKB,7220210,Ngôn ngữ Hàn Quốc,THPTQG,C14,30,14.00
DKB,7220210,Ngôn ngữ Hàn Quốc,THPTQG,D01,30,14.00
DKB,7220210,Ngôn ngữ Hàn Quốc,THPTQG,D14,30,14.00
DKB,7220210,Ngôn ngữ Hàn Quốc,THPTQG,D15,30,14.00
DKB,7220210,Ngôn ngữ Hàn Quốc,THPTQG,D66,30,14.00
DKB,7220210,Ngôn ngữ Hàn Quốc,THPTQG,X79,30,14.00
DKB,7220210,Ngôn ngữ Hàn Quốc,ĐGNL,,1200,466
DKB,7340406,Quản trị văn phòng,THPTQG,C00,30,14.00
DKB,7340406,Quản trị văn phòng,THPTQG,C03,30,14.00
DKB,7340406,Quản trị văn phòng,THPTQG,C04,30,14.00
DKB,7340406,Quản trị văn phòng,THPTQG,D01,30,14.00
DKB,7340406,Quản trị văn phòng,ĐGNL,,1200,466
DKB,7720201,Dược học,THPTQG,A00,30,19.00
DKB,7720201,Dược học,THPTQG,A11,30,19.00
DKB,7720201,Dược học,THPTQG,B00,30,19.00
DKB,7720201,Dược học,THPTQG,B03,30,19.00
DKB,7720201,Dược học,THPTQG,C02,30,19.00
DKB,7720201,Dược học,THPTQG,D01,30,19.00
DKB,7720201,Dược học,THPTQG,D07,30,19.00
DKB,7720201,Dược học,THPTQG,X10,30,19.00
DKB,7720201,Dược học,THPTQG,X11,30,19.00
DKB,7720201,Dược học,ĐGNL,,1200,803
