No.,Name,OldName,EnglishName,ShortName,Code,Type,IsFinanciallyAutonomous,ImageUrl,HasDormitory
1,"Trường Đại học Khoa học tự nhiên, Đại học Quốc gia TP.HCM",,VNUHCM-University of Science,HCMUS,QST,0,1,/universities-logo/hcmus.png,1
2,"Trường Đại học Công nghệ Thông tin, Đại học Quốc gia TP.HCM",,University of Information Technology,UIT,QSC,0,1,/universities-logo/uit.svg,1
3,"Trường Đại học Bách Khoa, Đại học Quốc gia TP.HCM ",,Ho Chi Minh City University of Technology,HCMUT,QSB,0,1,/universities-logo/hcmut.png,1
4,"Trường Đại học Quốc tế, Đại học Quốc gia TP.HCM",,VNU-HCM International University,HCMIU,QSQ,0,1,/universities-logo/iu.png,1
5,"Trường Đại học Khoa học Xã hội và Nhân văn, Đại học Quốc gia TP.HCM",,"University of Social Sciences and Humanities, Vietnam National University Ho Chi Minh City",HCMUSSH,QSX,0,1,/universities-logo/ussh.png,1
6,"Trường Đại học Kinh tế - Luật, Đại học Quốc gia TP.HCM",,VNU-HCM University of Economics and Law,UEL,QSK,0,1,/universities-logo/uel.png,1
7,"Trường Đại học Khoa học Sức khỏe, Đại học Quốc gia TP.HCM",Khoa Y - Đại học Quốc gia TP.HCM,"University of Health Sciences, Viet Nam National University Ho Chi Minh City",QSY,QSY,0,1,/universities-logo/uhs.svg,1
8,Trường Đại học Y khoa Phạm Ngọc Thạch,,Pham Ngoc Thach University of Medicine,PNT,TYS,0,1,/universities-logo/pnt.png,0
9,Đại học Kinh tế TP. Hồ Chí Minh,,University of Economics Ho Chi Minh City,UEH,KSA,0,1,"/universities-logo/ueh.png
",1
10,Phân hiệu Trường Đại học Ngoại thương tại TP.HCM,,"Foreign Trade University, Ho Chi Minh City Branch",FTU2,NTS,0,1,/universities-logo/ftu.png,0
11,Trường Đại học Y Dược Thành phố Hồ Chí Minh,,University of Medicine and Pharmacy at Ho Chi Minh City,UMP,YDS,0,1,/universities-logo/ump.svg,1
12,Trường Đại Học Công nghệ Kỹ Thuật TP.HCM,Trường Đại học Sư phạm Kỹ thuật Thành phố Hồ Chí Minh ,Ho Chi Minh City University of Technology and Engineering,HCMUTE,UTE,0,1,/universities-logo/hcmute.png,1
13,Trường Đại học Tôn Đức Thắng,,Ton Duc Thang University,TDTU,DTT,0,1,/universities-logo/tdtu.png,1
14,Trường Đại học Việt - Đức,,Vietnamese–German University,VGU,VGU,0,1,/universities-logo/vgu.avif,1
15,Trường Đại học Công nghiệp TP.HCM,,Industrial University of Ho Chi Minh City,IUH,IUH,0,1,/universities-logo/iuh.png,1
16,Học Viện Công Nghệ Bưu Chính Viễn Thông cơ sở tại TP.HCM ,,Posts and Telecommunications Institute of Technology,PTIT,BVS,0,1,/universities-logo/ptit.jpg,1
17,Trường Đại học Sài Gòn,,Saigon University,SGU,SGD,0,1,/universities-logo/sgu.png,1
18,Trường Đại học Giao thông Vận tải TP.HCM,,Ho Chi Minh City University of Transport,UTH,GTS,0,1,/universities-logo/uth.png,1
19,Phân hiệu trường ĐH GTVT tại TP.HCM,,University of Transport and Communications - Campus in Ho Chi Minh City ,UTC2,GSA,0,0,/universities-logo/utc.png,1
20,Học viện Kỹ thuật Mật mã ,,Vietnam Academy of Cryptography Techniques,KMA,KMA,0,0,/universities-logo/kma.png,0
21,Trường Đại học Ngân hàng TP.HCM,,Ho Chi Minh University of Banking,HUB,NHS,0,1,/universities-logo/hub.jpg,1
22,Trường Đại học Luật TP.HCM,,Ho Chi Minh City University of Law,ULAW,LPS,0,1,/universities-logo/ulaw.webp,1
23,Trường Đại học Công Thương TP.HCM,Trường Đại học Công nghiệp Thực phẩm Thành phố Hồ Chí Minh,Ho Chi Minh City University of Industry and Trade,HUIT,DCT,0,1,/universities-logo/huit.png,1
24,Trường Đại học Kiến trúc TP.HCM,,University of Architecture Ho Chi Minh City,UAH,KTS,0,1,/universities-logo/uah.webp,1
25,Trường Đại học Mở TP.HCM ,,Ho Chi Minh City Open University,OU,MBS,0,1,"/universities-logo/ou.png
",0
26,Trường Đại học Nông Lâm TP.HCM,,Nong Lam University,NLU,NLS,0,0,/universities-logo/hcmuaf.svg,1
27,Trường Đại học Sư phạm TP.HCM ,,Ho Chi Minh City University of Education,HCMUE,SPS,0,1,/universities-logo/hcmue.svg,1
28,Trường Đại học Tài chính – Marketing,,University of Finance - Marketing,UFM,DMS,0,1,/universities-logo/ufm.png,1
29,Trường Đại học Tài nguyên và Môi trường TP.HCM ,,Ho Chi Minh University of Natural Resources and Environment,HCMUNRE,DTM,0,0,/universities-logo/hcmunre.png,1
30,Trường Đại học Văn hóa TP.HCM,,Ho Chi Minh City University of Culture,HCMUC,VHS,0,0,/universities-logo/hcmuc.png,1
31,Trường Đại học Thủ Dầu Một,,Thu Dau Mot University,TDMU,TDM,0,1,/universities-logo/tdmu.jpg,0
32,Học viện Hàng không Việt Nam,,Vietnam Aviation Academy,VAA,HHK,0,1,/universities-logo/vaa.svg,0
33,Trường Đại học Lao động – Xã hội (Cơ sở 2),,University of Labour Social Affairs 2),ULSA2,DLS,0,0,/universities-logo/ulsa2.jpg,1
34,Phân hiệu trường Đại học Thủy lợi,,Thuyloi University - Southern Campus,TLU,TLS,0,0,/universities-logo/tlu.png,1
35,Trường Đại học Thể dục Thể thao TP.HCM ,,University of Sport Ho Chi Minh City,USH,TDS,0,0,/universities-logo/ush.jpg,1
36,Trường Đại học Mỹ thuật Thành phố Hồ Chí Minh,,Ho Chi Minh City University of Fine Arts,HCMUFA,MTS,0,0,/universities-logo/hcmufa.png,1
37,Trường Đại học Sân khấu – Điện ảnh Thành phố Hồ Chí Minh,,,SKDAHCM,DSD,0,0,/universities-logo/skdahcm.png,1
38,Nhạc viện Thành phố Hồ Chí Minh,,"Conservatory of Ho Chi Minh City
Ho Chi Minh Conservatory of Music",HCMCONS,NVS,0,0,/universities-logo/hcmcons.jpg,0
39,"Phân hiệu Học viện Hành chính và Quản trị công tại TP.HCM
",,Academy of Public Administration and Governance - Ho Chi Minh City Campus,APAG,HCH,0,0,/universities-logo/apag.jpg,1
40,Học viện Cán bộ Thành phố Hồ Chí Minh,,Ho Chi Minh City Cadre Academy,HCA,HVC,0,0,/universities-logo/hca.jpg,1
41,Học viện Thanh Thiếu niên Việt Nam Phân hiệu Thành phố Hồ Chí Minh,,Vietnam Youth Academy,VYA,HTN,0,0,/universities-logo/vya.webp,0
42,"Trường Đại học Quốc tế RMIT Việt Nam
",,The Royal Melbourne Institute of Technology Vietnam,RMIT,RMU,1,1,/universities-logo/rmit.svg,1
43,"Trường Đại học Fulbright Việt Nam
",,Fulbright University Vietnam,FUV,,1,1,/universities-logo/fuv.png,0
44,Trường Đại học FPT,,FPT University,FPT,FPT,1,1,/universities-logo/fpt.png,1
45,Trường Đại học Văn Lang,,Van Lang University,VLU,DVL,1,1,/universities-logo/vlu.jpg,1
46,Trường Đại học Hoa Sen,,Hoa Sen University,HSU,HSU,1,1,/universities-logo/hsu.webp,0
47,Trường Đại học Công nghệ Sài Gòn,,Saigon Technology University,STU,DSG,1,1,/universities-logo/stu.png,1
48,Trường Đại học Văn Hiến,,Van Hien University,VHU,DVH,1,1,/universities-logo/vhu.png,0
49,Trường Đại học Ngoại Ngữ – Tin Học Thành Phố Hồ Chí Minh,,Ho Chi Minh City University of Foreign Languages – Information Technology,HUFLIT,DNT,1,1,/universities-logo/huflit.png,1
50,Trường Đại học Công nghệ Thành phố Hồ Chí Minh,,University of Technology,HUTECH,DKC,1,1,/universities-logo/hutech.png,1
51,Trường Đại học Kinh tế - Tài chính thành phố Hồ Chí Minh,,Ho Chi Minh City University of Economics and Finance,UEF,UEF,1,1,/universities-logo/uef.png,0
52,Trường Đại học Quốc tế Hồng Bàng,,Hong Bang International University,HIU,HIU,1,1,/universities-logo/hiu.png,0
53,Trường Đại học Nguyễn Tất Thành,,Nguyen Tat Thanh University,NTTU,NTT,1,1,/universities-logo/nttu.jpg,1
54,Trường Đại học Tư thục Quốc tế Sài Gòn,,The Saigon International University,SIU,SIU,1,1,/universities-logo/siu.jpg,0
55,Trường Đại học Gia Định,,Gia Dinh University,GDU,GDU,1,1,/universities-logo/gdu.png,1
56,Trường Đại học Quốc tế Miền Đông,,Eastern International University,EIU,EIU,1,1,/universities-logo/eiu.png,1
57,Trường Đại học Quản lý và Công nghệ TP.HCM,,Ho Chi Minh City University of Management and Technology,UMT,UMT,1,1,/universities-logo/umt.jpeg,0
58,Trường Đại học Hùng Vương TP.HCM,,Hung Vuong University of Ho Chi Minh City,DHV,DHV,1,1,/universities-logo/dhv.png,0
59,Trường Đại học Bà Rịa - Vũng Tàu,,Ba Ria Vung Tau University,BVU,BVU,1,1,/universities-logo/bvu.png,1
60,Trường Đại học Bình Dương,,Binh Duong University,BDU,DBD,1,1,/universities-logo/bdu.jpg,0
61,Trường Đại học Kinh tế - Kỹ thuật Bình Dương,,Binh Duong Economics and Technology University,BETU,DKB,1,1,/universities-logo/betu.jpg,1
62,Học Viện Kỹ Thuật Quân Sự - Cơ sở phía Nam ,,Military Technical Academy,MTA,KQH,0,0,/universities-logo/mta.png,0
63,Trường Đại học An ninh nhân dân (Thành phố Hồ Chí Minh),,People's Security University,VPSU,ANS,0,0,/universities-logo/annd.png,
64,Trường Đại học Trần Đại Nghĩa,,Tran Dai Nghia University,TDNU,ZPH,0,0,/universities-logo/tdnu.png,
65,Trường Đại học Cảnh sát Nhân dân,,Vietnam People's Police University,VPPU,CCS,0,0,/universities-logo/csnd.png,